{"cameraMode":{"drawMode":0,"name":"Shaded","section":"Shading Mode"},"sceneLighting":true,"audioPlay":false,"sceneViewState":{"m_AlwaysRefresh":false,"showFog":true,"showSkybox":true,"showFlares":true,"showImageEffects":true,"showParticleSystems":true,"showVisualEffectGraphs":true,"m_FxEnabled":true},"in2DMode":false,"pivot":{"x":1.3258906602859498,"y":-4.820047378540039,"z":15.084378242492676},"rotation":{"x":0.2592037618160248,"y":0.045759573578834537,"z":-0.012293330393731594,"w":0.9646663069725037},"size":12.12435531616211,"orthographic":false}